<?xml version="1.0" encoding="UTF-8" standalone="yes"?>
<addon id="repository.opendevtools" name="OpenDevTools Repository" version="1.0" provider-name="drinfernoo">
    <extension point="xbmc.addon.repository" name="OpenDevTools Repository">
        <dir>
            <info compressed="false">https://raw.githubusercontent.com/drinfernoo/repository.opendevtools/master/zips/addons.xml</info>
            <checksum>https://raw.githubusercontent.com/drinfernoo/repository.opendevtools/master/zips/addons.xml.md5</checksum>
            <datadir zip="true">https://raw.githubusercontent.com/drinfernoo/repository.opendevtools/master/zips/</datadir>
        </dir>
    </extension>
    <extension point="xbmc.addon.metadata">
        <summary>The official home of OpenDevTools</summary>
        <description></description>
        <disclaimer></disclaimer>
        <platform>all</platform>
        <assets>
            <icon>icon.png</icon>
            <fanart>fanart.png</fanart>
        </assets>
    </extension>
</addon>